country_code,country_name,sector,monthly_value,annual_value,currency,reference_year,source,last_updated
USA,United States,national,7248,86977,USD,2025,OECD AV_AN_WAGE national wage (live),2026-10-03T14:39:57.002+00:00
UK,United Kingdom,national,3876,46511,GBP,2025,OECD AV_AN_WAGE national wage (live),2026-10-03T14:39:57.002+00:00
DE,Germany,national,4570,54840,EUR,2025,OECD AV_AN_WAGE national wage (live),2026-10-03T14:39:57.002+00:00
DE,Germany,it,7541,90486,EUR,2025,Calculated estimate: OECD AV_AN_WAGE × DE Eurostat sector ratio (live),2026-10-03T14:39:57.002+00:00
DE,Germany,finance,8052,96628,EUR,2025,Calculated estimate: OECD AV_AN_WAGE × DE Eurostat sector ratio (live),2026-10-03T14:39:57.002+00:00
DE,Germany,energy,7705,92460,EUR,2025,Calculated estimate: OECD AV_AN_WAGE × DE Eurostat sector ratio (live),2026-10-03T14:39:57.002+00:00
DE,Germany,professional,6462,77544,EUR,2025,Calculated estimate: OECD AV_AN_WAGE × DE Eurostat sector ratio (live),2026-10-03T14:39:57.002+00:00
DE,Germany,manufacturing,5777,69318,EUR,2025,Calculated estimate: OECD AV_AN_WAGE × DE Eurostat sector ratio (live),2026-10-03T14:39:57.002+00:00
DE,Germany,publicadmin,5009,60105,EUR,2025,Calculated estimate: OECD AV_AN_WAGE × DE Eurostat sector ratio (live),2026-10-03T14:39:57.002+00:00
DE,Germany,healthcare,3775,45298,EUR,2025,Calculated estimate: OECD AV_AN_WAGE × DE Eurostat sector ratio (live),2026-10-03T14:39:57.002+00:00
DE,Germany,education,4479,53743,EUR,2025,Calculated estimate: OECD AV_AN_WAGE × DE Eurostat sector ratio (live),2026-10-03T14:39:57.002+00:00
DE,Germany,construction,4223,50672,EUR,2025,Calculated estimate: OECD AV_AN_WAGE × DE Eurostat sector ratio (live),2026-10-03T14:39:57.002+00:00
DE,Germany,transport,4040,48479,EUR,2025,Calculated estimate: OECD AV_AN_WAGE × DE Eurostat sector ratio (live),2026-10-03T14:39:57.002+00:00
DE,Germany,retail,3843,46120,EUR,2025,Calculated estimate: OECD AV_AN_WAGE × DE Eurostat sector ratio (live),2026-10-03T14:39:57.002+00:00
DE,Germany,hospitality,2418,29010,EUR,2025,Calculated estimate: OECD AV_AN_WAGE × DE Eurostat sector ratio (live),2026-10-03T14:39:57.002+00:00
FR,France,national,3692,44304,EUR,2025,OECD AV_AN_WAGE national wage (live),2026-10-03T14:39:57.002+00:00
FR,France,it,6096,73146,EUR,2025,Calculated estimate: OECD AV_AN_WAGE × FR Eurostat sector ratio (live),2026-10-03T14:39:57.002+00:00
FR,France,finance,5686,68228,EUR,2025,Calculated estimate: OECD AV_AN_WAGE × FR Eurostat sector ratio (live),2026-10-03T14:39:57.002+00:00
FR,France,energy,5586,67032,EUR,2025,Calculated estimate: OECD AV_AN_WAGE × FR Eurostat sector ratio (live),2026-10-03T14:39:57.002+00:00
FR,France,professional,5579,66943,EUR,2025,Calculated estimate: OECD AV_AN_WAGE × FR Eurostat sector ratio (live),2026-10-03T14:39:57.002+00:00
FR,France,manufacturing,4168,50019,EUR,2025,Calculated estimate: OECD AV_AN_WAGE × FR Eurostat sector ratio (live),2026-10-03T14:39:57.002+00:00
FR,France,publicadmin,3271,39253,EUR,2025,Calculated estimate: OECD AV_AN_WAGE × FR Eurostat sector ratio (live),2026-10-03T14:39:57.002+00:00
FR,France,healthcare,2972,35665,EUR,2025,Calculated estimate: OECD AV_AN_WAGE × FR Eurostat sector ratio (live),2026-10-03T14:39:57.002+00:00
FR,France,education,3485,41823,EUR,2025,Calculated estimate: OECD AV_AN_WAGE × FR Eurostat sector ratio (live),2026-10-03T14:39:57.002+00:00
FR,France,construction,3958,47494,EUR,2025,Calculated estimate: OECD AV_AN_WAGE × FR Eurostat sector ratio (live),2026-10-03T14:39:57.002+00:00
FR,France,transport,3607,43285,EUR,2025,Calculated estimate: OECD AV_AN_WAGE × FR Eurostat sector ratio (live),2026-10-03T14:39:57.002+00:00
FR,France,retail,3452,41424,EUR,2025,Calculated estimate: OECD AV_AN_WAGE × FR Eurostat sector ratio (live),2026-10-03T14:39:57.002+00:00
FR,France,hospitality,2710,32519,EUR,2025,Calculated estimate: OECD AV_AN_WAGE × FR Eurostat sector ratio (live),2026-10-03T14:39:57.002+00:00
CA,Canada,national,7132,85588,CAD,2025,OECD AV_AN_WAGE national wage (live),2026-10-03T14:39:57.002+00:00
CA,Canada,it,11283,135400,CAD,2025,Calculated estimate: OECD AV_AN_WAGE × EU-27 Eurostat sector ratio (live),2026-10-03T14:39:57.002+00:00
CA,Canada,finance,12018,144216,CAD,2025,Calculated estimate: OECD AV_AN_WAGE × EU-27 Eurostat sector ratio (live),2026-10-03T14:39:57.002+00:00
CA,Canada,energy,10627,127526,CAD,2025,Calculated estimate: OECD AV_AN_WAGE × EU-27 Eurostat sector ratio (live),2026-10-03T14:39:57.002+00:00
CA,Canada,professional,10492,125900,CAD,2025,Calculated estimate: OECD AV_AN_WAGE × EU-27 Eurostat sector ratio (live),2026-10-03T14:39:57.002+00:00
CA,Canada,manufacturing,7789,93462,CAD,2025,Calculated estimate: OECD AV_AN_WAGE × EU-27 Eurostat sector ratio (live),2026-10-03T14:39:57.002+00:00
CA,Canada,publicadmin,7617,91408,CAD,2025,Calculated estimate: OECD AV_AN_WAGE × EU-27 Eurostat sector ratio (live),2026-10-03T14:39:57.002+00:00
CA,Canada,healthcare,6847,82164,CAD,2025,Calculated estimate: OECD AV_AN_WAGE × EU-27 Eurostat sector ratio (live),2026-10-03T14:39:57.002+00:00
CA,Canada,education,6911,82935,CAD,2025,Calculated estimate: OECD AV_AN_WAGE × EU-27 Eurostat sector ratio (live),2026-10-03T14:39:57.002+00:00
CA,Canada,construction,6826,81908,CAD,2025,Calculated estimate: OECD AV_AN_WAGE × EU-27 Eurostat sector ratio (live),2026-10-03T14:39:57.002+00:00
CA,Canada,transport,6783,81394,CAD,2025,Calculated estimate: OECD AV_AN_WAGE × EU-27 Eurostat sector ratio (live),2026-10-03T14:39:57.002+00:00
CA,Canada,retail,6234,74804,CAD,2025,Calculated estimate: OECD AV_AN_WAGE × EU-27 Eurostat sector ratio (live),2026-10-03T14:39:57.002+00:00
CA,Canada,hospitality,4472,53664,CAD,2025,Calculated estimate: OECD AV_AN_WAGE × EU-27 Eurostat sector ratio (live),2026-10-03T14:39:57.002+00:00
AU,Australia,national,8790,105478,AUD,2025,OECD AV_AN_WAGE national wage (live),2026-10-03T14:39:57.002+00:00
AU,Australia,it,13906,166866,AUD,2025,Calculated estimate: OECD AV_AN_WAGE × EU-27 Eurostat sector ratio (live),2026-10-03T14:39:57.002+00:00
AU,Australia,finance,14811,177730,AUD,2025,Calculated estimate: OECD AV_AN_WAGE × EU-27 Eurostat sector ratio (live),2026-10-03T14:39:57.002+00:00
AU,Australia,energy,13097,157162,AUD,2025,Calculated estimate: OECD AV_AN_WAGE × EU-27 Eurostat sector ratio (live),2026-10-03T14:39:57.002+00:00
AU,Australia,professional,12930,155158,AUD,2025,Calculated estimate: OECD AV_AN_WAGE × EU-27 Eurostat sector ratio (live),2026-10-03T14:39:57.002+00:00
AU,Australia,manufacturing,9599,115182,AUD,2025,Calculated estimate: OECD AV_AN_WAGE × EU-27 Eurostat sector ratio (live),2026-10-03T14:39:57.002+00:00
AU,Australia,publicadmin,9388,112651,AUD,2025,Calculated estimate: OECD AV_AN_WAGE × EU-27 Eurostat sector ratio (live),2026-10-03T14:39:57.002+00:00
AU,Australia,healthcare,8438,101259,AUD,2025,Calculated estimate: OECD AV_AN_WAGE × EU-27 Eurostat sector ratio (live),2026-10-03T14:39:57.002+00:00
AU,Australia,education,8517,102208,AUD,2025,Calculated estimate: OECD AV_AN_WAGE × EU-27 Eurostat sector ratio (live),2026-10-03T14:39:57.002+00:00
AU,Australia,construction,8412,100942,AUD,2025,Calculated estimate: OECD AV_AN_WAGE × EU-27 Eurostat sector ratio (live),2026-10-03T14:39:57.002+00:00
AU,Australia,transport,8359,100310,AUD,2025,Calculated estimate: OECD AV_AN_WAGE × EU-27 Eurostat sector ratio (live),2026-10-03T14:39:57.002+00:00
AU,Australia,retail,7682,92188,AUD,2025,Calculated estimate: OECD AV_AN_WAGE × EU-27 Eurostat sector ratio (live),2026-10-03T14:39:57.002+00:00
AU,Australia,hospitality,5511,66135,AUD,2025,Calculated estimate: OECD AV_AN_WAGE × EU-27 Eurostat sector ratio (live),2026-10-03T14:39:57.002+00:00
EE,Estonia,national,2296,27554,EUR,2025,OECD AV_AN_WAGE national wage (live),2026-10-03T14:39:57.002+00:00
EE,Estonia,it,4050,48605,EUR,2025,Calculated estimate: OECD AV_AN_WAGE × EE Eurostat sector ratio (live),2026-10-03T14:39:57.002+00:00
EE,Estonia,finance,3205,38465,EUR,2025,Calculated estimate: OECD AV_AN_WAGE × EE Eurostat sector ratio (live),2026-10-03T14:39:57.002+00:00
EE,Estonia,energy,2418,29014,EUR,2025,Calculated estimate: OECD AV_AN_WAGE × EE Eurostat sector ratio (live),2026-10-03T14:39:57.002+00:00
EE,Estonia,professional,3734,44803,EUR,2025,Calculated estimate: OECD AV_AN_WAGE × EE Eurostat sector ratio (live),2026-10-03T14:39:57.002+00:00
EE,Estonia,manufacturing,2085,25019,EUR,2025,Calculated estimate: OECD AV_AN_WAGE × EE Eurostat sector ratio (live),2026-10-03T14:39:57.002+00:00
EE,Estonia,publicadmin,2487,29841,EUR,2025,Calculated estimate: OECD AV_AN_WAGE × EE Eurostat sector ratio (live),2026-10-03T14:39:57.002+00:00
EE,Estonia,healthcare,2466,29593,EUR,2025,Calculated estimate: OECD AV_AN_WAGE × EE Eurostat sector ratio (live),2026-10-03T14:39:57.002+00:00
EE,Estonia,education,1754,21051,EUR,2025,Calculated estimate: OECD AV_AN_WAGE × EE Eurostat sector ratio (live),2026-10-03T14:39:57.002+00:00
EE,Estonia,construction,2618,31412,EUR,2025,Calculated estimate: OECD AV_AN_WAGE × EE Eurostat sector ratio (live),2026-10-03T14:39:57.002+00:00
EE,Estonia,transport,1936,23228,EUR,2025,Calculated estimate: OECD AV_AN_WAGE × EE Eurostat sector ratio (live),2026-10-03T14:39:57.002+00:00
EE,Estonia,retail,1977,23724,EUR,2025,Calculated estimate: OECD AV_AN_WAGE × EE Eurostat sector ratio (live),2026-10-03T14:39:57.002+00:00
EE,Estonia,hospitality,1467,17607,EUR,2025,Calculated estimate: OECD AV_AN_WAGE × EE Eurostat sector ratio (live),2026-10-03T14:39:57.002+00:00
SE,Sweden,national,45514,546171,SEK,2025,OECD AV_AN_WAGE national wage (live),2026-10-03T14:39:57.002+00:00
SE,Sweden,it,68499,821987,SEK,2025,Calculated estimate: OECD AV_AN_WAGE × SE Eurostat sector ratio (live),2026-10-03T14:39:57.002+00:00
SE,Sweden,finance,72186,866227,SEK,2025,Calculated estimate: OECD AV_AN_WAGE × SE Eurostat sector ratio (live),2026-10-03T14:39:57.002+00:00
SE,Sweden,energy,57394,688722,SEK,2025,Calculated estimate: OECD AV_AN_WAGE × SE Eurostat sector ratio (live),2026-10-03T14:39:57.002+00:00
SE,Sweden,professional,64175,770101,SEK,2025,Calculated estimate: OECD AV_AN_WAGE × SE Eurostat sector ratio (live),2026-10-03T14:39:57.002+00:00
SE,Sweden,manufacturing,50521,606250,SEK,2025,Calculated estimate: OECD AV_AN_WAGE × SE Eurostat sector ratio (live),2026-10-03T14:39:57.002+00:00
SE,Sweden,publicadmin,47016,564195,SEK,2025,Calculated estimate: OECD AV_AN_WAGE × SE Eurostat sector ratio (live),2026-10-03T14:39:57.002+00:00
SE,Sweden,healthcare,36730,440760,SEK,2025,Calculated estimate: OECD AV_AN_WAGE × SE Eurostat sector ratio (live),2026-10-03T14:39:57.002+00:00
SE,Sweden,education,35501,426013,SEK,2025,Calculated estimate: OECD AV_AN_WAGE × SE Eurostat sector ratio (live),2026-10-03T14:39:57.002+00:00
SE,Sweden,construction,54799,657590,SEK,2025,Calculated estimate: OECD AV_AN_WAGE × SE Eurostat sector ratio (live),2026-10-03T14:39:57.002+00:00
SE,Sweden,transport,43193,518316,SEK,2025,Calculated estimate: OECD AV_AN_WAGE × SE Eurostat sector ratio (live),2026-10-03T14:39:57.002+00:00
SE,Sweden,retail,43967,527601,SEK,2025,Calculated estimate: OECD AV_AN_WAGE × SE Eurostat sector ratio (live),2026-10-03T14:39:57.002+00:00
SE,Sweden,hospitality,29084,349003,SEK,2025,Calculated estimate: OECD AV_AN_WAGE × SE Eurostat sector ratio (live),2026-10-03T14:39:57.002+00:00
FI,Finland,national,4214,50569,EUR,2025,OECD AV_AN_WAGE national wage (live),2026-10-03T14:39:57.002+00:00
FI,Finland,it,6039,72465,EUR,2025,Calculated estimate: OECD AV_AN_WAGE × FI Eurostat sector ratio (live),2026-10-03T14:39:57.002+00:00
FI,Finland,finance,6650,79798,EUR,2025,Calculated estimate: OECD AV_AN_WAGE × FI Eurostat sector ratio (live),2026-10-03T14:39:57.002+00:00
FI,Finland,energy,6009,72111,EUR,2025,Calculated estimate: OECD AV_AN_WAGE × FI Eurostat sector ratio (live),2026-10-03T14:39:57.002+00:00
FI,Finland,professional,5558,66701,EUR,2025,Calculated estimate: OECD AV_AN_WAGE × FI Eurostat sector ratio (live),2026-10-03T14:39:57.002+00:00
FI,Finland,manufacturing,4918,59014,EUR,2025,Calculated estimate: OECD AV_AN_WAGE × FI Eurostat sector ratio (live),2026-10-03T14:39:57.002+00:00
FI,Finland,publicadmin,4193,50316,EUR,2025,Calculated estimate: OECD AV_AN_WAGE × FI Eurostat sector ratio (live),2026-10-03T14:39:57.002+00:00
FI,Finland,healthcare,3645,43742,EUR,2025,Calculated estimate: OECD AV_AN_WAGE × FI Eurostat sector ratio (live),2026-10-03T14:39:57.002+00:00
FI,Finland,education,4248,50974,EUR,2025,Calculated estimate: OECD AV_AN_WAGE × FI Eurostat sector ratio (live),2026-10-03T14:39:57.002+00:00
FI,Finland,construction,5137,61644,EUR,2025,Calculated estimate: OECD AV_AN_WAGE × FI Eurostat sector ratio (live),2026-10-03T14:39:57.002+00:00
FI,Finland,transport,4265,51176,EUR,2025,Calculated estimate: OECD AV_AN_WAGE × FI Eurostat sector ratio (live),2026-10-03T14:39:57.002+00:00
FI,Finland,retail,3847,46169,EUR,2025,Calculated estimate: OECD AV_AN_WAGE × FI Eurostat sector ratio (live),2026-10-03T14:39:57.002+00:00
FI,Finland,hospitality,2920,35044,EUR,2025,Calculated estimate: OECD AV_AN_WAGE × FI Eurostat sector ratio (live),2026-10-03T14:39:57.002+00:00
NO,Norway,national,61226,734712,NOK,2025,OECD AV_AN_WAGE national wage (live),2026-10-03T14:39:57.002+00:00
NO,Norway,it,86574,1038883,NOK,2025,Calculated estimate: OECD AV_AN_WAGE × NO Eurostat sector ratio (live),2026-10-03T14:39:57.002+00:00
NO,Norway,finance,98023,1176274,NOK,2025,Calculated estimate: OECD AV_AN_WAGE × NO Eurostat sector ratio (live),2026-10-03T14:39:57.002+00:00
NO,Norway,energy,95268,1143212,NOK,2025,Calculated estimate: OECD AV_AN_WAGE × NO Eurostat sector ratio (live),2026-10-03T14:39:57.002+00:00
NO,Norway,professional,80390,964677,NOK,2025,Calculated estimate: OECD AV_AN_WAGE × NO Eurostat sector ratio (live),2026-10-03T14:39:57.002+00:00
NO,Norway,manufacturing,68818,825816,NOK,2025,Calculated estimate: OECD AV_AN_WAGE × NO Eurostat sector ratio (live),2026-10-03T14:39:57.002+00:00
NO,Norway,publicadmin,69308,831694,NOK,2025,Calculated estimate: OECD AV_AN_WAGE × NO Eurostat sector ratio (live),2026-10-03T14:39:57.002+00:00
NO,Norway,healthcare,51491,617893,NOK,2025,Calculated estimate: OECD AV_AN_WAGE × NO Eurostat sector ratio (live),2026-10-03T14:39:57.002+00:00
NO,Norway,education,56389,676670,NOK,2025,Calculated estimate: OECD AV_AN_WAGE × NO Eurostat sector ratio (live),2026-10-03T14:39:57.002+00:00
NO,Norway,construction,64532,774386,NOK,2025,Calculated estimate: OECD AV_AN_WAGE × NO Eurostat sector ratio (live),2026-10-03T14:39:57.002+00:00
NO,Norway,transport,61838,742059,NOK,2025,Calculated estimate: OECD AV_AN_WAGE × NO Eurostat sector ratio (live),2026-10-03T14:39:57.002+00:00
NO,Norway,retail,49287,591443,NOK,2025,Calculated estimate: OECD AV_AN_WAGE × NO Eurostat sector ratio (live),2026-10-03T14:39:57.002+00:00
NO,Norway,hospitality,34593,415112,NOK,2025,Calculated estimate: OECD AV_AN_WAGE × NO Eurostat sector ratio (live),2026-10-03T14:39:57.002+00:00
NL,Netherlands,national,5124,61492,EUR,2025,OECD AV_AN_WAGE national wage (live),2026-10-03T14:39:57.002+00:00
NL,Netherlands,it,8045,96542,EUR,2025,Calculated estimate: OECD AV_AN_WAGE × NL Eurostat sector ratio (live),2026-10-03T14:39:57.002+00:00
NL,Netherlands,finance,9132,109579,EUR,2025,Calculated estimate: OECD AV_AN_WAGE × NL Eurostat sector ratio (live),2026-10-03T14:39:57.002+00:00
NL,Netherlands,energy,8096,97157,EUR,2025,Calculated estimate: OECD AV_AN_WAGE × NL Eurostat sector ratio (live),2026-10-03T14:39:57.002+00:00
NL,Netherlands,professional,7220,86642,EUR,2025,Calculated estimate: OECD AV_AN_WAGE × NL Eurostat sector ratio (live),2026-10-03T14:39:57.002+00:00
NL,Netherlands,manufacturing,6457,77480,EUR,2025,Calculated estimate: OECD AV_AN_WAGE × NL Eurostat sector ratio (live),2026-10-03T14:39:57.002+00:00
NL,Netherlands,publicadmin,6318,75820,EUR,2025,Calculated estimate: OECD AV_AN_WAGE × NL Eurostat sector ratio (live),2026-10-03T14:39:57.002+00:00
NL,Netherlands,healthcare,4258,51100,EUR,2025,Calculated estimate: OECD AV_AN_WAGE × NL Eurostat sector ratio (live),2026-10-03T14:39:57.002+00:00
NL,Netherlands,education,5360,64321,EUR,2025,Calculated estimate: OECD AV_AN_WAGE × NL Eurostat sector ratio (live),2026-10-03T14:39:57.002+00:00
NL,Netherlands,construction,5975,71700,EUR,2025,Calculated estimate: OECD AV_AN_WAGE × NL Eurostat sector ratio (live),2026-10-03T14:39:57.002+00:00
NL,Netherlands,transport,5457,65489,EUR,2025,Calculated estimate: OECD AV_AN_WAGE × NL Eurostat sector ratio (live),2026-10-03T14:39:57.002+00:00
NL,Netherlands,retail,3936,47226,EUR,2025,Calculated estimate: OECD AV_AN_WAGE × NL Eurostat sector ratio (live),2026-10-03T14:39:57.002+00:00
NL,Netherlands,hospitality,2255,27056,EUR,2025,Calculated estimate: OECD AV_AN_WAGE × NL Eurostat sector ratio (live),2026-10-03T14:39:57.002+00:00
CH,Switzerland,national,8195,98334,CHF,2025,OECD AV_AN_WAGE national wage (live),2026-10-03T14:39:57.002+00:00
CH,Switzerland,professional,9030,108364,CHF,2025,Calculated estimate: OECD AV_AN_WAGE × CH Eurostat sector ratio (live),2026-10-03T14:39:57.002+00:00
CH,Switzerland,publicadmin,13652,163824,CHF,2025,Calculated estimate: OECD AV_AN_WAGE × CH Eurostat sector ratio (live),2026-10-03T14:39:57.002+00:00
CH,Switzerland,healthcare,6121,73455,CHF,2025,Calculated estimate: OECD AV_AN_WAGE × CH Eurostat sector ratio (live),2026-10-03T14:39:57.002+00:00
CH,Switzerland,education,6941,83289,CHF,2025,Calculated estimate: OECD AV_AN_WAGE × CH Eurostat sector ratio (live),2026-10-03T14:39:57.002+00:00
AT,Austria,national,4896,58754,EUR,2025,OECD AV_AN_WAGE national wage (live),2026-10-03T14:39:57.002+00:00
AT,Austria,it,7212,86545,EUR,2025,Calculated estimate: OECD AV_AN_WAGE × AT Eurostat sector ratio (live),2026-10-03T14:39:57.002+00:00
AT,Austria,finance,7261,87132,EUR,2025,Calculated estimate: OECD AV_AN_WAGE × AT Eurostat sector ratio (live),2026-10-03T14:39:57.002+00:00
AT,Austria,energy,7883,94594,EUR,2025,Calculated estimate: OECD AV_AN_WAGE × AT Eurostat sector ratio (live),2026-10-03T14:39:57.002+00:00
AT,Austria,professional,5729,68742,EUR,2025,Calculated estimate: OECD AV_AN_WAGE × AT Eurostat sector ratio (live),2026-10-03T14:39:57.002+00:00
AT,Austria,manufacturing,5807,69682,EUR,2025,Calculated estimate: OECD AV_AN_WAGE × AT Eurostat sector ratio (live),2026-10-03T14:39:57.002+00:00
AT,Austria,publicadmin,5420,65041,EUR,2025,Calculated estimate: OECD AV_AN_WAGE × AT Eurostat sector ratio (live),2026-10-03T14:39:57.002+00:00
AT,Austria,healthcare,4446,53349,EUR,2025,Calculated estimate: OECD AV_AN_WAGE × AT Eurostat sector ratio (live),2026-10-03T14:39:57.002+00:00
AT,Austria,education,4901,58813,EUR,2025,Calculated estimate: OECD AV_AN_WAGE × AT Eurostat sector ratio (live),2026-10-03T14:39:57.002+00:00
AT,Austria,construction,5219,62632,EUR,2025,Calculated estimate: OECD AV_AN_WAGE × AT Eurostat sector ratio (live),2026-10-03T14:39:57.002+00:00
AT,Austria,transport,4950,59400,EUR,2025,Calculated estimate: OECD AV_AN_WAGE × AT Eurostat sector ratio (live),2026-10-03T14:39:57.002+00:00
AT,Austria,retail,3981,47767,EUR,2025,Calculated estimate: OECD AV_AN_WAGE × AT Eurostat sector ratio (live),2026-10-03T14:39:57.002+00:00
AT,Austria,hospitality,3530,42362,EUR,2025,Calculated estimate: OECD AV_AN_WAGE × AT Eurostat sector ratio (live),2026-10-03T14:39:57.002+00:00
IE,Ireland,national,5282,63379,EUR,2025,OECD AV_AN_WAGE national wage (live),2026-10-03T14:39:57.002+00:00
IE,Ireland,it,7859,94308,EUR,2025,Calculated estimate: OECD AV_AN_WAGE × IE Eurostat sector ratio (live),2026-10-03T14:39:57.002+00:00
IE,Ireland,finance,7320,87843,EUR,2025,Calculated estimate: OECD AV_AN_WAGE × IE Eurostat sector ratio (live),2026-10-03T14:39:57.002+00:00
IE,Ireland,energy,3945,47344,EUR,2025,Calculated estimate: OECD AV_AN_WAGE × IE Eurostat sector ratio (live),2026-10-03T14:39:57.002+00:00
IE,Ireland,professional,7764,93167,EUR,2025,Calculated estimate: OECD AV_AN_WAGE × IE Eurostat sector ratio (live),2026-10-03T14:39:57.002+00:00
IE,Ireland,manufacturing,5430,65154,EUR,2025,Calculated estimate: OECD AV_AN_WAGE × IE Eurostat sector ratio (live),2026-10-03T14:39:57.002+00:00
IE,Ireland,publicadmin,5451,65407,EUR,2025,Calculated estimate: OECD AV_AN_WAGE × IE Eurostat sector ratio (live),2026-10-03T14:39:57.002+00:00
IE,Ireland,healthcare,4532,54379,EUR,2025,Calculated estimate: OECD AV_AN_WAGE × IE Eurostat sector ratio (live),2026-10-03T14:39:57.002+00:00
IE,Ireland,education,4246,50957,EUR,2025,Calculated estimate: OECD AV_AN_WAGE × IE Eurostat sector ratio (live),2026-10-03T14:39:57.002+00:00
IE,Ireland,construction,5271,63252,EUR,2025,Calculated estimate: OECD AV_AN_WAGE × IE Eurostat sector ratio (live),2026-10-03T14:39:57.002+00:00
IE,Ireland,transport,4326,51907,EUR,2025,Calculated estimate: OECD AV_AN_WAGE × IE Eurostat sector ratio (live),2026-10-03T14:39:57.002+00:00
IE,Ireland,retail,4701,56407,EUR,2025,Calculated estimate: OECD AV_AN_WAGE × IE Eurostat sector ratio (live),2026-10-03T14:39:57.002+00:00
IE,Ireland,hospitality,3248,38978,EUR,2025,Calculated estimate: OECD AV_AN_WAGE × IE Eurostat sector ratio (live),2026-10-03T14:39:57.002+00:00
IT,Italy,national,2894,34733,EUR,2025,OECD AV_AN_WAGE national wage (live),2026-10-03T14:39:57.002+00:00
IT,Italy,it,4061,48730,EUR,2025,Calculated estimate: OECD AV_AN_WAGE × IT Eurostat sector ratio (live),2026-10-03T14:39:57.002+00:00
IT,Italy,finance,5161,61929,EUR,2025,Calculated estimate: OECD AV_AN_WAGE × IT Eurostat sector ratio (live),2026-10-03T14:39:57.002+00:00
IT,Italy,energy,4863,58351,EUR,2025,Calculated estimate: OECD AV_AN_WAGE × IT Eurostat sector ratio (live),2026-10-03T14:39:57.002+00:00
IT,Italy,professional,3734,44806,EUR,2025,Calculated estimate: OECD AV_AN_WAGE × IT Eurostat sector ratio (live),2026-10-03T14:39:57.002+00:00
IT,Italy,manufacturing,3375,40499,EUR,2025,Calculated estimate: OECD AV_AN_WAGE × IT Eurostat sector ratio (live),2026-10-03T14:39:57.002+00:00
IT,Italy,publicadmin,4012,48140,EUR,2025,Calculated estimate: OECD AV_AN_WAGE × IT Eurostat sector ratio (live),2026-10-03T14:39:57.002+00:00
IT,Italy,healthcare,2935,35219,EUR,2025,Calculated estimate: OECD AV_AN_WAGE × IT Eurostat sector ratio (live),2026-10-03T14:39:57.002+00:00
IT,Italy,education,2703,32441,EUR,2025,Calculated estimate: OECD AV_AN_WAGE × IT Eurostat sector ratio (live),2026-10-03T14:39:57.002+00:00
IT,Italy,construction,2732,32788,EUR,2025,Calculated estimate: OECD AV_AN_WAGE × IT Eurostat sector ratio (live),2026-10-03T14:39:57.002+00:00
IT,Italy,transport,3195,38345,EUR,2025,Calculated estimate: OECD AV_AN_WAGE × IT Eurostat sector ratio (live),2026-10-03T14:39:57.002+00:00
IT,Italy,retail,2703,32441,EUR,2025,Calculated estimate: OECD AV_AN_WAGE × IT Eurostat sector ratio (live),2026-10-03T14:39:57.002+00:00
IT,Italy,hospitality,2171,26050,EUR,2025,Calculated estimate: OECD AV_AN_WAGE × IT Eurostat sector ratio (live),2026-10-03T14:39:57.002+00:00
ES,Spain,national,2927,35121,EUR,2025,OECD AV_AN_WAGE national wage (live),2026-10-03T14:39:57.002+00:00
ES,Spain,it,4051,48607,EUR,2025,Calculated estimate: OECD AV_AN_WAGE × ES Eurostat sector ratio (live),2026-10-03T14:39:57.002+00:00
ES,Spain,finance,4765,57177,EUR,2025,Calculated estimate: OECD AV_AN_WAGE × ES Eurostat sector ratio (live),2026-10-03T14:39:57.002+00:00
ES,Spain,energy,5707,68486,EUR,2025,Calculated estimate: OECD AV_AN_WAGE × ES Eurostat sector ratio (live),2026-10-03T14:39:57.002+00:00
ES,Spain,professional,3872,46465,EUR,2025,Calculated estimate: OECD AV_AN_WAGE × ES Eurostat sector ratio (live),2026-10-03T14:39:57.002+00:00
ES,Spain,manufacturing,3091,37088,EUR,2025,Calculated estimate: OECD AV_AN_WAGE × ES Eurostat sector ratio (live),2026-10-03T14:39:57.002+00:00
ES,Spain,publicadmin,2742,32908,EUR,2025,Calculated estimate: OECD AV_AN_WAGE × ES Eurostat sector ratio (live),2026-10-03T14:39:57.002+00:00
ES,Spain,healthcare,3656,43866,EUR,2025,Calculated estimate: OECD AV_AN_WAGE × ES Eurostat sector ratio (live),2026-10-03T14:39:57.002+00:00
ES,Spain,education,3708,44498,EUR,2025,Calculated estimate: OECD AV_AN_WAGE × ES Eurostat sector ratio (live),2026-10-03T14:39:57.002+00:00
ES,Spain,construction,2950,35402,EUR,2025,Calculated estimate: OECD AV_AN_WAGE × ES Eurostat sector ratio (live),2026-10-03T14:39:57.002+00:00
ES,Spain,transport,3126,37509,EUR,2025,Calculated estimate: OECD AV_AN_WAGE × ES Eurostat sector ratio (live),2026-10-03T14:39:57.002+00:00
ES,Spain,retail,2798,33576,EUR,2025,Calculated estimate: OECD AV_AN_WAGE × ES Eurostat sector ratio (live),2026-10-03T14:39:57.002+00:00
ES,Spain,hospitality,2063,24760,EUR,2025,Calculated estimate: OECD AV_AN_WAGE × ES Eurostat sector ratio (live),2026-10-03T14:39:57.002+00:00
PT,Portugal,national,2152,25826,EUR,2025,OECD AV_AN_WAGE national wage (live),2026-10-03T14:39:57.002+00:00
PT,Portugal,it,3784,45402,EUR,2025,Calculated estimate: OECD AV_AN_WAGE × PT Eurostat sector ratio (live),2026-10-03T14:39:57.002+00:00
PT,Portugal,finance,3850,46203,EUR,2025,Calculated estimate: OECD AV_AN_WAGE × PT Eurostat sector ratio (live),2026-10-03T14:39:57.002+00:00
PT,Portugal,energy,4236,50826,EUR,2025,Calculated estimate: OECD AV_AN_WAGE × PT Eurostat sector ratio (live),2026-10-03T14:39:57.002+00:00
PT,Portugal,professional,2667,31998,EUR,2025,Calculated estimate: OECD AV_AN_WAGE × PT Eurostat sector ratio (live),2026-10-03T14:39:57.002+00:00
PT,Portugal,manufacturing,1913,22959,EUR,2025,Calculated estimate: OECD AV_AN_WAGE × PT Eurostat sector ratio (live),2026-10-03T14:39:57.002+00:00
PT,Portugal,publicadmin,2421,29054,EUR,2025,Calculated estimate: OECD AV_AN_WAGE × PT Eurostat sector ratio (live),2026-10-03T14:39:57.002+00:00
PT,Portugal,healthcare,2249,26988,EUR,2025,Calculated estimate: OECD AV_AN_WAGE × PT Eurostat sector ratio (live),2026-10-03T14:39:57.002+00:00
PT,Portugal,education,2150,25800,EUR,2025,Calculated estimate: OECD AV_AN_WAGE × PT Eurostat sector ratio (live),2026-10-03T14:39:57.002+00:00
PT,Portugal,construction,1879,22546,EUR,2025,Calculated estimate: OECD AV_AN_WAGE × PT Eurostat sector ratio (live),2026-10-03T14:39:57.002+00:00
PT,Portugal,transport,2615,31379,EUR,2025,Calculated estimate: OECD AV_AN_WAGE × PT Eurostat sector ratio (live),2026-10-03T14:39:57.002+00:00
PT,Portugal,retail,2019,24225,EUR,2025,Calculated estimate: OECD AV_AN_WAGE × PT Eurostat sector ratio (live),2026-10-03T14:39:57.002+00:00
PT,Portugal,hospitality,1816,21797,EUR,2025,Calculated estimate: OECD AV_AN_WAGE × PT Eurostat sector ratio (live),2026-10-03T14:39:57.002+00:00
PL,Poland,national,8437,101248,PLN,2025,OECD AV_AN_WAGE national wage (live),2026-10-03T14:39:57.002+00:00
PL,Poland,it,10766,129192,PLN,2025,Calculated estimate: OECD AV_AN_WAGE × PL Eurostat sector ratio (live),2026-10-03T14:39:57.002+00:00
PL,Poland,finance,11340,136077,PLN,2025,Calculated estimate: OECD AV_AN_WAGE × PL Eurostat sector ratio (live),2026-10-03T14:39:57.002+00:00
PL,Poland,energy,10057,120688,PLN,2025,Calculated estimate: OECD AV_AN_WAGE × PL Eurostat sector ratio (live),2026-10-03T14:39:57.002+00:00
PL,Poland,professional,11694,140330,PLN,2025,Calculated estimate: OECD AV_AN_WAGE × PL Eurostat sector ratio (live),2026-10-03T14:39:57.002+00:00
PL,Poland,manufacturing,7712,92541,PLN,2025,Calculated estimate: OECD AV_AN_WAGE × PL Eurostat sector ratio (live),2026-10-03T14:39:57.002+00:00
PL,Poland,publicadmin,9526,114309,PLN,2025,Calculated estimate: OECD AV_AN_WAGE × PL Eurostat sector ratio (live),2026-10-03T14:39:57.002+00:00
PL,Poland,healthcare,8007,96084,PLN,2025,Calculated estimate: OECD AV_AN_WAGE × PL Eurostat sector ratio (live),2026-10-03T14:39:57.002+00:00
PL,Poland,education,8589,103070,PLN,2025,Calculated estimate: OECD AV_AN_WAGE × PL Eurostat sector ratio (live),2026-10-03T14:39:57.002+00:00
PL,Poland,construction,7653,91832,PLN,2025,Calculated estimate: OECD AV_AN_WAGE × PL Eurostat sector ratio (live),2026-10-03T14:39:57.002+00:00
PL,Poland,transport,7805,93654,PLN,2025,Calculated estimate: OECD AV_AN_WAGE × PL Eurostat sector ratio (live),2026-10-03T14:39:57.002+00:00
PL,Poland,retail,7737,92844,PLN,2025,Calculated estimate: OECD AV_AN_WAGE × PL Eurostat sector ratio (live),2026-10-03T14:39:57.002+00:00
PL,Poland,hospitality,5594,67127,PLN,2025,Calculated estimate: OECD AV_AN_WAGE × PL Eurostat sector ratio (live),2026-10-03T14:39:57.002+00:00
BE,Belgium,national,5146,61747,EUR,2025,OECD AV_AN_WAGE national wage (live),2026-10-03T14:39:57.002+00:00
BE,Belgium,it,7579,90953,EUR,2025,Calculated estimate: OECD AV_AN_WAGE × BE Eurostat sector ratio (live),2026-10-03T14:39:57.002+00:00
BE,Belgium,finance,7924,95090,EUR,2025,Calculated estimate: OECD AV_AN_WAGE × BE Eurostat sector ratio (live),2026-10-03T14:39:57.002+00:00
BE,Belgium,energy,8475,101697,EUR,2025,Calculated estimate: OECD AV_AN_WAGE × BE Eurostat sector ratio (live),2026-10-03T14:39:57.002+00:00
BE,Belgium,professional,6823,81877,EUR,2025,Calculated estimate: OECD AV_AN_WAGE × BE Eurostat sector ratio (live),2026-10-03T14:39:57.002+00:00
BE,Belgium,manufacturing,6005,72059,EUR,2025,Calculated estimate: OECD AV_AN_WAGE × BE Eurostat sector ratio (live),2026-10-03T14:39:57.002+00:00
BE,Belgium,publicadmin,5423,65081,EUR,2025,Calculated estimate: OECD AV_AN_WAGE × BE Eurostat sector ratio (live),2026-10-03T14:39:57.002+00:00
BE,Belgium,healthcare,4430,53164,EUR,2025,Calculated estimate: OECD AV_AN_WAGE × BE Eurostat sector ratio (live),2026-10-03T14:39:57.002+00:00
BE,Belgium,education,5151,61809,EUR,2025,Calculated estimate: OECD AV_AN_WAGE × BE Eurostat sector ratio (live),2026-10-03T14:39:57.002+00:00
BE,Belgium,construction,5099,61191,EUR,2025,Calculated estimate: OECD AV_AN_WAGE × BE Eurostat sector ratio (live),2026-10-03T14:39:57.002+00:00
BE,Belgium,transport,5084,61006,EUR,2025,Calculated estimate: OECD AV_AN_WAGE × BE Eurostat sector ratio (live),2026-10-03T14:39:57.002+00:00
BE,Belgium,retail,5053,60636,EUR,2025,Calculated estimate: OECD AV_AN_WAGE × BE Eurostat sector ratio (live),2026-10-03T14:39:57.002+00:00
BE,Belgium,hospitality,3921,47051,EUR,2025,Calculated estimate: OECD AV_AN_WAGE × BE Eurostat sector ratio (live),2026-10-03T14:39:57.002+00:00
DK,Denmark,national,45043,540516,DKK,2025,OECD AV_AN_WAGE national wage (live),2026-10-03T14:39:57.002+00:00
DK,Denmark,it,64817,777803,DKK,2025,Calculated estimate: OECD AV_AN_WAGE × DK Eurostat sector ratio (live),2026-10-03T14:39:57.002+00:00
DK,Denmark,finance,66709,800504,DKK,2025,Calculated estimate: OECD AV_AN_WAGE × DK Eurostat sector ratio (live),2026-10-03T14:39:57.002+00:00
DK,Denmark,energy,64547,774559,DKK,2025,Calculated estimate: OECD AV_AN_WAGE × DK Eurostat sector ratio (live),2026-10-03T14:39:57.002+00:00
DK,Denmark,professional,63736,764830,DKK,2025,Calculated estimate: OECD AV_AN_WAGE × DK Eurostat sector ratio (live),2026-10-03T14:39:57.002+00:00
DK,Denmark,manufacturing,58601,703211,DKK,2025,Calculated estimate: OECD AV_AN_WAGE × DK Eurostat sector ratio (live),2026-10-03T14:39:57.002+00:00
DK,Denmark,publicadmin,48286,579433,DKK,2025,Calculated estimate: OECD AV_AN_WAGE × DK Eurostat sector ratio (live),2026-10-03T14:39:57.002+00:00
DK,Denmark,healthcare,38602,463222,DKK,2025,Calculated estimate: OECD AV_AN_WAGE × DK Eurostat sector ratio (live),2026-10-03T14:39:57.002+00:00
DK,Denmark,education,42205,506463,DKK,2025,Calculated estimate: OECD AV_AN_WAGE × DK Eurostat sector ratio (live),2026-10-03T14:39:57.002+00:00
DK,Denmark,construction,48241,578893,DKK,2025,Calculated estimate: OECD AV_AN_WAGE × DK Eurostat sector ratio (live),2026-10-03T14:39:57.002+00:00
DK,Denmark,transport,47475,569704,DKK,2025,Calculated estimate: OECD AV_AN_WAGE × DK Eurostat sector ratio (live),2026-10-03T14:39:57.002+00:00
DK,Denmark,retail,40449,485383,DKK,2025,Calculated estimate: OECD AV_AN_WAGE × DK Eurostat sector ratio (live),2026-10-03T14:39:57.002+00:00
DK,Denmark,hospitality,20134,241611,DKK,2025,Calculated estimate: OECD AV_AN_WAGE × DK Eurostat sector ratio (live),2026-10-03T14:39:57.002+00:00
